quest_id,name,category,level_min,level_max,race_requirements,class_requirements,repeatability,l2solo_runtime_status,bridge_compatibility,bot_resolution_mode,implementation_priority,confidence,implementation_cohort
1,Letters of Love,NORMAL,2,,[],[],ONE_TIME,IMPLEMENTED,PARTIAL,HYBRID,LOW,HIGH,A
2,What Women Want,NORMAL,2,,"[""Human"",""Elf""]",[],ONE_TIME,IMPLEMENTED,PARTIAL,HYBRID,LOW,HIGH,A
3,Will the Seal be Broken?,NORMAL,16,,"[""Dark Elf""]",[],ONE_TIME,IMPLEMENTED,REQUIRES_EXTENSION,HYBRID,LOW,HIGH,A
4,Long Live the Paagrio Lord,NORMAL,2,,"[""Orc""]",[],ONE_TIME,IMPLEMENTED,PARTIAL,HYBRID,LOW,HIGH,A
5,Miner's Favor,NORMAL,2,,[],[],ONE_TIME,IMPLEMENTED,PARTIAL,HYBRID,LOW,HIGH,A
6,Step into the Future,NORMAL,3,,"[""Human""]",[],ONE_TIME,IMPLEMENTED,PARTIAL,HYBRID,LOW,HIGH,A
7,A Trip Begins,NORMAL,3,,"[""Elf""]",[],ONE_TIME,IMPLEMENTED,PARTIAL,HYBRID,LOW,HIGH,A
8,An Adventure Begins,NORMAL,3,,"[""Dark Elf""]",[],ONE_TIME,IMPLEMENTED,PARTIAL,HYBRID,LOW,HIGH,A
9,Into the City of Humans,NORMAL,3,,"[""Orc""]",[],ONE_TIME,IMPLEMENTED,PARTIAL,HYBRID,LOW,HIGH,A
10,Into the World,NORMAL,3,,"[""Dwarf""]",[],ONE_TIME,IMPLEMENTED,PARTIAL,HYBRID,LOW,HIGH,A
11,Secret Meeting With Ketra Orcs,ENDGAME,74,,[],[],ONE_TIME,SCRIPT_EXISTS_UNREGISTERED,PARTIAL,HYBRID,HIGH,HIGH,G
12,Secret Meeting With Varka Silenos,ENDGAME,74,,[],[],ONE_TIME,SCRIPT_EXISTS_UNREGISTERED,PARTIAL,HYBRID,HIGH,HIGH,G
13,Parcel Delivery,ENDGAME,74,,[],[],ONE_TIME,SCRIPT_EXISTS_UNREGISTERED,PARTIAL,HYBRID,HIGH,HIGH,G
14,Whereabouts of the Archeologist,ENDGAME,74,,[],[],ONE_TIME,SCRIPT_EXISTS_UNREGISTERED,PARTIAL,HYBRID,HIGH,HIGH,G
15,Sweet Whispers,NORMAL,60,,[],[],ONE_TIME,SCRIPT_EXISTS_UNREGISTERED,PARTIAL,HYBRID,HIGH,HIGH,E
16,The Coming Darkness,NORMAL,62,,[],[],CONDITIONAL_OR_BRANCHING,SCRIPT_EXISTS_UNREGISTERED,PARTIAL,HYBRID,HIGH,HIGH,F
17,Light and Darkness,NORMAL,61,,[],[],CONDITIONAL_OR_BRANCHING,SCRIPT_EXISTS_UNREGISTERED,PARTIAL,HYBRID,HIGH,HIGH,F
18,Meeting with the Golden Ram,NORMAL,66,,[],[],ONE_TIME,SCRIPT_EXISTS_UNREGISTERED,PARTIAL,HYBRID,HIGH,HIGH,F
19,Go to the Pastureland!,NORMAL,63,,[],[],ONE_TIME,SCRIPT_EXISTS_UNREGISTERED,PARTIAL,HYBRID,HIGH,HIGH,F
20,Bring Up With Love,NORMAL,65,,[],[],ONE_TIME,MISSING,PARTIAL,HYBRID,MEDIUM,HIGH,F
21,Hidden Truth,NORMAL,63,,[],[],ONE_TIME,MISSING,REQUIRES_EXTENSION,UNKNOWN,MEDIUM,HIGH,F
22,Tragedy in von Hellmann Forest,NORMAL,,,[],[],ONE_TIME,MISSING,REQUIRES_EXTENSION,HYBRID,MEDIUM,HIGH,E
23,Lidia's Heart,NORMAL,64,,[],[],ONE_TIME,MISSING,REQUIRES_EXTENSION,HYBRID,MEDIUM,HIGH,F
24,Inhabitants of the Forest of the Dead,NORMAL,65,,[],[],ONE_TIME,MISSING,PARTIAL,HYBRID,MEDIUM,HIGH,F
25,Hiding Behind the Truth,NORMAL,66,,[],[],REPEATABLE,MISSING,REQUIRES_EXTENSION,HYBRID,MEDIUM,HIGH,F
27,Chest caught with a bait of wind,FISHING,27,,[],[],ONE_TIME,MISSING,PARTIAL,HYBRID,MEDIUM,HIGH,C
28,Chest caught with a bait of icy air.,FISHING,36,,[],[],ONE_TIME,MISSING,PARTIAL,HYBRID,MEDIUM,HIGH,C
29,Chest caught with a bait of earth.,FISHING,48,,[],[],ONE_TIME,MISSING,PARTIAL,HYBRID,MEDIUM,HIGH,E
30,Chest caught with a bait of fire.,FISHING,60,,[],[],ONE_TIME,MISSING,PARTIAL,HYBRID,MEDIUM,HIGH,E
31,Secret buried in the Swamp,NORMAL,66,,[],[],ONE_TIME,SCRIPT_EXISTS_UNREGISTERED,PARTIAL,HYBRID,HIGH,HIGH,F
32,An Obvious Lie,NORMAL,45,,[],[],ONE_TIME,SCRIPT_EXISTS_UNREGISTERED,REQUIRES_EXTENSION,HYBRID,HIGH,HIGH,E
33,Make a pair of dress shoes,NORMAL,60,,[],[],ONE_TIME,SCRIPT_EXISTS_UNREGISTERED,PARTIAL,HYBRID,HIGH,HIGH,E
34,In Search of Cloth,NORMAL,60,,[],[],ONE_TIME,IMPLEMENTED,REQUIRES_EXTENSION,HYBRID,LOW,HIGH,E
35,Find Glittering Jewelry,NORMAL,60,,[],[],ONE_TIME,SCRIPT_EXISTS_UNREGISTERED,REQUIRES_EXTENSION,HYBRID,HIGH,HIGH,E
36,Make a Sewing Kit,NORMAL,60,,[],[],ONE_TIME,IMPLEMENTED,REQUIRES_EXTENSION,HYBRID,LOW,HIGH,E
37,Please make me formal wear!,NORMAL,60,,[],[],ONE_TIME,SCRIPT_EXISTS_UNREGISTERED,PARTIAL,HYBRID,HIGH,HIGH,E
38,Dragon Fangs,NORMAL,19,,[],[],ONE_TIME,SCRIPT_EXISTS_UNREGISTERED,REQUIRES_EXTENSION,HYBRID,HIGH,HIGH,A
39,Red-Eyed Invaders,NORMAL,20,,[],[],ONE_TIME,SCRIPT_EXISTS_UNREGISTERED,REQUIRES_EXTENSION,HYBRID,HIGH,HIGH,A
42,Help the Uncle!,NORMAL,25,,[],[],ONE_TIME,IMPLEMENTED,PARTIAL,HYBRID,LOW,HIGH,C
43,Help the Sister!,NORMAL,25,,[],[],ONE_TIME,IMPLEMENTED,PARTIAL,HYBRID,LOW,HIGH,C
44,Help the Son!,NORMAL,25,,[],[],ONE_TIME,IMPLEMENTED,PARTIAL,HYBRID,LOW,HIGH,C
45,To Talking Island,NORMAL,3,,"[""Human""]",[],ONE_TIME,IMPLEMENTED,PARTIAL,HYBRID,LOW,HIGH,A
46,Once More In the Arms of the Mother Tree,NORMAL,3,,"[""Elf""]",[],ONE_TIME,IMPLEMENTED,PARTIAL,HYBRID,LOW,HIGH,A
47,Into the Dark Forest,NORMAL,3,,"[""Dark Elf""]",[],ONE_TIME,IMPLEMENTED,PARTIAL,HYBRID,LOW,HIGH,A
48,To the Immortal Plateau,NORMAL,3,,"[""Orc""]",[],ONE_TIME,IMPLEMENTED,PARTIAL,HYBRID,LOW,HIGH,A
49,The Road Home,NORMAL,3,,"[""Dwarf""]",[],ONE_TIME,IMPLEMENTED,PARTIAL,HYBRID,LOW,HIGH,A
50,Lanosco's Special Bait,FISHING,27,,[],[],ONE_TIME,MISSING,REQUIRES_EXTENSION,UNKNOWN,MEDIUM,HIGH,C
51,O'Fulle's Special Bait,FISHING,36,,[],[],ONE_TIME,MISSING,REQUIRES_EXTENSION,UNKNOWN,MEDIUM,HIGH,C
52,Willie's Special Bait,FISHING,48,,[],[],ONE_TIME,MISSING,REQUIRES_EXTENSION,UNKNOWN,MEDIUM,HIGH,E
53,Linnaeus' Special Bait,FISHING,60,,[],[],ONE_TIME,MISSING,REQUIRES_EXTENSION,UNKNOWN,MEDIUM,HIGH,E
70,"Succession to the Legend, Phoenix Knight",PROFESSION,76,,[],[],UNKNOWN,MISSING,REQUIRES_EXTENSION,HYBRID,HIGH,HIGH,H
71,"Succession to the Legend, Eva's Templar",PROFESSION,76,,[],[],UNKNOWN,MISSING,REQUIRES_EXTENSION,HYBRID,HIGH,HIGH,H
72,"Succession to the Legend, Sword Muse",PROFESSION,76,,[],[],UNKNOWN,MISSING,REQUIRES_EXTENSION,HYBRID,HIGH,HIGH,H
73,"Succession to the Legend, Duelist",PROFESSION,76,,[],[],UNKNOWN,MISSING,REQUIRES_EXTENSION,HYBRID,HIGH,HIGH,H
74,"Succession to the Legend, Dreadnoughts",PROFESSION,76,,[],[],UNKNOWN,MISSING,REQUIRES_EXTENSION,UNKNOWN,HIGH,HIGH,H
75,"Succession to the Legend, Titan",PROFESSION,76,,[],[],UNKNOWN,MISSING,REQUIRES_EXTENSION,HYBRID,HIGH,HIGH,H
76,"Succession to the Legend, Grand Khavatari",PROFESSION,76,,[],[],UNKNOWN,MISSING,REQUIRES_EXTENSION,HYBRID,HIGH,HIGH,H
77,"Succession to the Legend, Dominator",PROFESSION,76,,[],[],UNKNOWN,MISSING,REQUIRES_EXTENSION,HYBRID,HIGH,HIGH,H
78,"Succession to the Legend, Doomcryer",PROFESSION,76,,[],[],UNKNOWN,MISSING,REQUIRES_EXTENSION,HYBRID,HIGH,HIGH,H
79,"Succession to the Legend, Adventurer",PROFESSION,76,,[],[],UNKNOWN,MISSING,REQUIRES_EXTENSION,HYBRID,HIGH,HIGH,H
80,"Succession to the Legend, Wind Rider",PROFESSION,76,,[],[],UNKNOWN,MISSING,REQUIRES_EXTENSION,UNKNOWN,HIGH,HIGH,H
81,"Succession to the Legend, Ghost Hunter",PROFESSION,76,,[],[],UNKNOWN,MISSING,REQUIRES_EXTENSION,HYBRID,HIGH,HIGH,H
82,"Succession to the Legend, Sagittarius",PROFESSION,76,,[],[],UNKNOWN,MISSING,REQUIRES_EXTENSION,HYBRID,HIGH,HIGH,H
83,"Succession to the Legend, Moonlight Sentinel",PROFESSION,76,,[],[],UNKNOWN,MISSING,REQUIRES_EXTENSION,HYBRID,HIGH,HIGH,H
84,"Succession to the Legend, Ghost Sentinel",PROFESSION,76,,[],[],UNKNOWN,MISSING,REQUIRES_EXTENSION,HYBRID,HIGH,HIGH,H
85,"Succession to the Legend, Cardinal",PROFESSION,76,,[],[],UNKNOWN,MISSING,REQUIRES_EXTENSION,UNKNOWN,HIGH,HIGH,H
86,"Succession to the Legend, Hierophant",PROFESSION,76,,[],[],UNKNOWN,MISSING,REQUIRES_EXTENSION,UNKNOWN,HIGH,HIGH,H
87,"Succession to the Legend, Eva's Saint",PROFESSION,76,,[],[],UNKNOWN,MISSING,REQUIRES_EXTENSION,HYBRID,HIGH,HIGH,H
88,"Succession to the Legend, Archmage",PROFESSION,76,,[],[],UNKNOWN,MISSING,REQUIRES_EXTENSION,UNKNOWN,HIGH,HIGH,H
89,"Succession to the Legend, Mystic Muse",PROFESSION,76,,[],[],UNKNOWN,MISSING,REQUIRES_EXTENSION,UNKNOWN,HIGH,HIGH,H
90,"Succession to the Legend, Storm Screamer",PROFESSION,76,,[],[],UNKNOWN,MISSING,REQUIRES_EXTENSION,UNKNOWN,HIGH,HIGH,H
91,"Succession to the Legend, Arcana Lord",PROFESSION,76,,[],[],UNKNOWN,MISSING,REQUIRES_EXTENSION,UNKNOWN,HIGH,HIGH,H
92,"Succession to the Legend, Elemental Master",PROFESSION,76,,[],[],UNKNOWN,MISSING,REQUIRES_EXTENSION,UNKNOWN,HIGH,HIGH,H
93,"Succession to the Legend, Spectral Master",PROFESSION,76,,[],[],UNKNOWN,MISSING,REQUIRES_EXTENSION,UNKNOWN,HIGH,HIGH,H
94,"Succession to the Legend, Soultaker",PROFESSION,76,,[],[],UNKNOWN,MISSING,REQUIRES_EXTENSION,UNKNOWN,HIGH,HIGH,H
95,"Succession to the Legend, Hell Knight",PROFESSION,76,,[],[],UNKNOWN,MISSING,REQUIRES_EXTENSION,UNKNOWN,HIGH,HIGH,H
96,"Succession to the Legend, Spectral Dancer",PROFESSION,76,,[],[],UNKNOWN,MISSING,REQUIRES_EXTENSION,HYBRID,HIGH,HIGH,H
97,"Succession to the Legend, Shillien Templar",PROFESSION,76,,[],[],UNKNOWN,MISSING,REQUIRES_EXTENSION,HYBRID,HIGH,HIGH,H
98,"Succession to the Legend, Shillien Saint",PROFESSION,76,,[],[],UNKNOWN,MISSING,REQUIRES_EXTENSION,HYBRID,HIGH,HIGH,H
99,"Succession to the Legend, Fortune Seeker",PROFESSION,76,,[],[],UNKNOWN,MISSING,REQUIRES_EXTENSION,HYBRID,HIGH,HIGH,H
100,"Succession to the Legend, Maestro",PROFESSION,76,,[],[],UNKNOWN,MISSING,REQUIRES_EXTENSION,UNKNOWN,HIGH,HIGH,H
101,Sword of Solidarity,NORMAL,9,,"[""Human""]",[],ONE_TIME,IMPLEMENTED,PARTIAL,HYBRID,LOW,HIGH,A
102,Sea of Spores Fever,NORMAL,12,,"[""Elf""]",[],ONE_TIME,REGISTERED_UNTESTED,PARTIAL,HYBRID,LOW,HIGH,A
103,Spirit of Craftsman,NORMAL,11,,"[""Dark Elf""]",[],ONE_TIME,REGISTERED_UNTESTED,REQUIRES_EXTENSION,UNKNOWN,LOW,HIGH,A
104,Spirit of Mirrors,NORMAL,10,,"[""Human""]",[],ONE_TIME,IMPLEMENTED,PARTIAL,HYBRID,LOW,HIGH,A
105,Skirmish with the Orcs,NORMAL,10,,"[""Elf""]",[],ONE_TIME,IMPLEMENTED,PARTIAL,HYBRID,LOW,HIGH,A
106,Forgotten Truth,NORMAL,10,,"[""Dark Elf""]",[],ONE_TIME,REGISTERED_UNTESTED,PARTIAL,HYBRID,LOW,HIGH,A
107,Merciless Punishment,NORMAL,12,,"[""Orc""]",[],CONDITIONAL_OR_BRANCHING,IMPLEMENTED,REQUIRES_EXTENSION,HYBRID,LOW,HIGH,A
108,"Jumble, Tumble, Diamond Fuss",NORMAL,10,,"[""Dwarf""]",[],ONE_TIME,REGISTERED_UNTESTED,PARTIAL,HYBRID,LOW,HIGH,A
151,Cure for Fever Disease,NORMAL,15,,[],[],ONE_TIME,REGISTERED_UNTESTED,PARTIAL,HYBRID,LOW,HIGH,A
152,Shards of Golem,NORMAL,10,,[],[],ONE_TIME,IMPLEMENTED,PARTIAL,HYBRID,LOW,HIGH,A
153,Deliver Goods,NORMAL,2,,[],[],ONE_TIME,REGISTERED_UNTESTED,PARTIAL,HYBRID,LOW,HIGH,A
154,Sacrifice to the Sea,NORMAL,2,,[],[],ONE_TIME,REGISTERED_UNTESTED,REQUIRES_EXTENSION,HYBRID,LOW,HIGH,A
155,Find Sir Windawood,NORMAL,3,,[],[],ONE_TIME,REGISTERED_UNTESTED,PARTIAL,HYBRID,LOW,HIGH,A
156,Millennium Love,NORMAL,15,,[],[],ONE_TIME,REGISTERED_UNTESTED,PARTIAL,HYBRID,LOW,HIGH,A
157,Recover Smuggled Goods,NORMAL,5,,[],[],ONE_TIME,IMPLEMENTED,PARTIAL,HYBRID,LOW,HIGH,A
158,Seed of Evil,NORMAL,21,,[],[],ONE_TIME,REGISTERED_UNTESTED,REQUIRES_EXTENSION,UNKNOWN,LOW,HIGH,C
159,Protect the Water Source,NORMAL,12,,"[""Elf""]",[],ONE_TIME,IMPLEMENTED,PARTIAL,HYBRID,LOW,HIGH,A
160,Nerupa's Request,NORMAL,3,,"[""Elf""]",[],ONE_TIME,IMPLEMENTED,PARTIAL,HYBRID,LOW,HIGH,A
161,Fruit of the Mothertree,NORMAL,3,,"[""Elf""]",[],ONE_TIME,REGISTERED_UNTESTED,PARTIAL,HYBRID,LOW,HIGH,A
162,Curse of the Underground Fortress,NORMAL,12,,"[""Human"",""Elf"",""Dwarf"",""Orc""]",[],ONE_TIME,IMPLEMENTED,PARTIAL,HYBRID,LOW,HIGH,A
163,Legacy of the Poet,NORMAL,11,,"[""Human"",""Elf"",""Dwarf"",""Orc""]",[],ONE_TIME,IMPLEMENTED,PARTIAL,HYBRID,LOW,HIGH,A
164,Blood Fiend,NORMAL,21,,"[""Human"",""Elf"",""Dwarf"",""Orc""]",[],ONE_TIME,REGISTERED_UNTESTED,REQUIRES_EXTENSION,HYBRID,LOW,HIGH,C
165,Shilen's Hunt,NORMAL,3,,"[""Dark Elf""]",[],ONE_TIME,REGISTERED_UNTESTED,PARTIAL,HYBRID,LOW,HIGH,A
166,Mass of Darkness,NORMAL,2,,"[""Dark Elf"",""Human""]",[],ONE_TIME,REGISTERED_UNTESTED,PARTIAL,HYBRID,LOW,HIGH,A
167,Dwarven Kinship,NORMAL,15,,[],[],ONE_TIME,REGISTERED_UNTESTED,PARTIAL,HYBRID,LOW,HIGH,A
168,Deliver Supplies,NORMAL,3,,"[""Dark Elf""]",[],ONE_TIME,REGISTERED_UNTESTED,PARTIAL,HYBRID,LOW,HIGH,A
169,Offspring of Nightmares,NORMAL,15,,"[""Dark Elf""]",[],ONE_TIME,REGISTERED_UNTESTED,PARTIAL,HYBRID,LOW,HIGH,A
170,Dangerous Seduction,NORMAL,21,,"[""Dark Elf""]",[],ONE_TIME,REGISTERED_UNTESTED,PARTIAL,HYBRID,LOW,HIGH,C
171,Acts of Evil,NORMAL,27,,[],[],ONE_TIME,MISSING,REQUIRES_EXTENSION,HYBRID,MEDIUM,HIGH,C
211,Trial of the Challenger,PROFESSION,35,,[],[],ONE_TIME,MISSING,REQUIRES_EXTENSION,HYBRID,HIGH,HIGH,D
212,Trial of Duty,PROFESSION,35,,[],[],ONE_TIME,MISSING,REQUIRES_EXTENSION,HYBRID,HIGH,HIGH,D
213,Trial of the Seeker,PROFESSION,35,,[],"[""Rogue"",""Elven Scout"",""Assassin""]",ONE_TIME,MISSING,REQUIRES_EXTENSION,HYBRID,HIGH,HIGH,D
214,Trial of the Scholar,PROFESSION,35,,[],"[""Wizard"",""Elven Wizard"",""Dark Wizard""]",ONE_TIME,MISSING,REQUIRES_EXTENSION,HYBRID,HIGH,HIGH,D
215,Trial of the Pilgrim,PROFESSION,35,,[],[],ONE_TIME,MISSING,REQUIRES_EXTENSION,HYBRID,HIGH,HIGH,D
216,Trial of the Guildsman,PROFESSION,35,,[],"[""Artisan"",""Scavenger""]",ONE_TIME,MISSING,REQUIRES_EXTENSION,HYBRID,HIGH,HIGH,D
217,Testimony of Trust,PROFESSION,37,,"[""Human""]",[],ONE_TIME,MISSING,REQUIRES_EXTENSION,HYBRID,HIGH,HIGH,D
218,Testimony of Life,PROFESSION,37,,"[""Elf""]",[],ONE_TIME,MISSING,REQUIRES_EXTENSION,HYBRID,HIGH,HIGH,D
219,Testimony of Fate,PROFESSION,37,,"[""Dark Elf""]",[],ONE_TIME,MISSING,REQUIRES_EXTENSION,HYBRID,HIGH,HIGH,D
220,Testimony of Glory,PROFESSION,37,,"[""Orc""]",[],ONE_TIME,MISSING,REQUIRES_EXTENSION,HYBRID,HIGH,HIGH,D
221,Testimony of Prosperity,PROFESSION,37,,"[""Dwarf""]",[],ONE_TIME,MISSING,REQUIRES_EXTENSION,UNKNOWN,HIGH,HIGH,D
222,Test of the Duelist,PROFESSION,39,,[],"[""Warrior"",""Orc Monk"",""Elven Knight"",""Palus Knight""]",ONE_TIME,MISSING,REQUIRES_EXTENSION,HYBRID,HIGH,HIGH,D
223,Test of the Champion,PROFESSION,39,,[],"[""Warrior"",""Orc Raider""]",ONE_TIME,MISSING,REQUIRES_EXTENSION,HYBRID,HIGH,HIGH,D
224,Test of Sagittarius,PROFESSION,39,,[],"[""Rogue"",""Elven Scout"",""Assassin""]",ONE_TIME,MISSING,REQUIRES_EXTENSION,HYBRID,HIGH,HIGH,D
225,Test of the Searcher,PROFESSION,39,,[],"[""Rogue"",""Elven Scout"",""Assassin"",""Scavenger""]",ONE_TIME,MISSING,REQUIRES_EXTENSION,HYBRID,HIGH,HIGH,D
226,Test of the Healer,PROFESSION,39,,[],[],ONE_TIME,MISSING,REQUIRES_EXTENSION,HYBRID,HIGH,HIGH,D
227,Test of the Reformer,PROFESSION,39,,[],"[""Cleric"",""Shillien Oracle""]",ONE_TIME,MISSING,REQUIRES_EXTENSION,HYBRID,HIGH,HIGH,D
228,Test of Magus,PROFESSION,39,,[],"[""Wizard"",""Elven Wizard"",""Dark Wizard""]",ONE_TIME,MISSING,REQUIRES_EXTENSION,HYBRID,HIGH,HIGH,D
229,Test of Witchcraft,PROFESSION,39,,[],"[""Wizard"",""Human Knight"",""Palus Knight""]",ONE_TIME,MISSING,REQUIRES_EXTENSION,HYBRID,HIGH,HIGH,D
230,Test of the Summoner,PROFESSION,39,,[],"[""Wizard"",""Elven Wizard"",""Dark Wizard""]",ONE_TIME,MISSING,REQUIRES_EXTENSION,UNKNOWN,HIGH,HIGH,D
231,Test of the Maestro,PROFESSION,39,,[],"[""Artisan""]",ONE_TIME,MISSING,REQUIRES_EXTENSION,HYBRID,HIGH,HIGH,D
232,Test of the Lord,PROFESSION,39,,[],"[""Orc Shaman""]",ONE_TIME,MISSING,REQUIRES_EXTENSION,HYBRID,HIGH,HIGH,D
233,Test of the War Spirit,PROFESSION,39,,[],"[""Orc Shaman""]",ONE_TIME,MISSING,REQUIRES_EXTENSION,UNKNOWN,HIGH,HIGH,D
234,Fate's Whisper,SYSTEM,75,,[],[],ONE_TIME,MISSING,REQUIRES_EXTENSION,HYBRID,HIGH,HIGH,H
235,Mimir's Elixir,SYSTEM,75,,[],[],ONE_TIME,MISSING,REQUIRES_EXTENSION,HYBRID,HIGH,HIGH,H
241,"Path of a Noblesse, Precious Soul - 1",SYSTEM,50,,[],[],CONDITIONAL_OR_BRANCHING,MISSING,REQUIRES_EXTENSION,HYBRID,HIGH,HIGH,H
242,"Path of a Noblesse, Precious Soul - 2",SYSTEM,60,,[],[],ONE_TIME,MISSING,REQUIRES_EXTENSION,UNKNOWN,HIGH,HIGH,H
246,"Path of a Noblesse, Precious Soul - 3",SYSTEM,65,,[],[],CONDITIONAL_OR_BRANCHING,MISSING,REQUIRES_EXTENSION,HYBRID,HIGH,HIGH,H
247,"Path of a Noblesse, Precious Soul - 4",SYSTEM,75,,[],[],ONE_TIME,MISSING,REQUIRES_EXTENSION,UNKNOWN,HIGH,HIGH,H
255,Tutorial,TUTORIAL,6,,[],[],UNKNOWN,MISSING,REQUIRES_EXTENSION,UNKNOWN,HIGH,MEDIUM,A
257,The Guard is Busy,NORMAL,6,,[],[],REPEATABLE,MISSING,PARTIAL,COLD,HIGH,HIGH,A
258,Bring Wolf Pelts,NORMAL,3,,[],[],REPEATABLE,MISSING,PARTIAL,HYBRID,HIGH,HIGH,A
259,Rancher's Plea,NORMAL,15,,[],[],REPEATABLE,MISSING,PARTIAL,COLD,HIGH,HIGH,A
260,Hunt the Orcs,NORMAL,6,,"[""Elf""]",[],REPEATABLE,MISSING,PARTIAL,COLD,HIGH,HIGH,A
261,Collector's Dream,NORMAL,15,,[],[],REPEATABLE,MISSING,PARTIAL,HYBRID,HIGH,HIGH,A
262,Trade with the Ivory Tower,NORMAL,8,,[],[],REPEATABLE,MISSING,PARTIAL,HYBRID,HIGH,HIGH,A
263,Orc Subjugation,NORMAL,8,,"[""Dark Elf""]",[],REPEATABLE,MISSING,PARTIAL,COLD,HIGH,HIGH,A
264,Keen Claws,NORMAL,3,,[],[],REPEATABLE,MISSING,PARTIAL,HYBRID,HIGH,HIGH,A
265,Chains of Slavery,NORMAL,6,,"[""Dark Elf""]",[],REPEATABLE,MISSING,PARTIAL,HYBRID,HIGH,HIGH,A
266,Pleas of Pixies,NORMAL,3,,"[""Elf""]",[],REPEATABLE,MISSING,REQUIRES_EXTENSION,UNKNOWN,HIGH,HIGH,A
267,Wrath of Verdure,NORMAL,4,,"[""Elf""]",[],REPEATABLE,MISSING,PARTIAL,COLD,HIGH,HIGH,A
271,Proof of Valor,NORMAL,4,,"[""Orc""]",[],REPEATABLE,MISSING,PARTIAL,HYBRID,HIGH,HIGH,A
272,Wrath of Ancestors,NORMAL,5,,"[""Orc""]",[],REPEATABLE,MISSING,REQUIRES_EXTENSION,HYBRID,HIGH,HIGH,A
273,Invaders of the Holy Land,NORMAL,6,,"[""Orc""]",[],REPEATABLE,MISSING,PARTIAL,COLD,HIGH,HIGH,A
274,Skirmish with the Werewolves,NORMAL,9,,"[""Orc""]",[],REPEATABLE,MISSING,PARTIAL,HYBRID,HIGH,HIGH,A
275,Dark Winged Spies,NORMAL,11,,"[""Orc""]",[],REPEATABLE,MISSING,REQUIRES_EXTENSION,UNKNOWN,HIGH,HIGH,A
276,Totem of the Hestui,NORMAL,15,,"[""Orc""]",[],REPEATABLE,MISSING,REQUIRES_EXTENSION,UNKNOWN,HIGH,HIGH,A
277,Gatekeeper's Offering,NORMAL,15,,[],[],REPEATABLE,MISSING,PARTIAL,HYBRID,HIGH,HIGH,A
291,Revenge of the Redbonnet,NORMAL,4,,[],[],REPEATABLE,MISSING,PARTIAL,HYBRID,HIGH,HIGH,A
292,Brigands Sweep,NORMAL,5,,"[""Dwarf""]",[],REPEATABLE,MISSING,PARTIAL,HYBRID,HIGH,HIGH,A
293,The Hidden Veins,NORMAL,6,,"[""Dwarf""]",[],REPEATABLE,MISSING,PARTIAL,COLD,HIGH,HIGH,A
294,Covert Business,NORMAL,10,,"[""Dwarf""]",[],REPEATABLE,MISSING,PARTIAL,HYBRID,HIGH,HIGH,A
295,Dreaming of the Skies,NORMAL,11,,[],[],REPEATABLE,MISSING,PARTIAL,HYBRID,HIGH,HIGH,A
296,Tarantula's Spider Silk,NORMAL,15,,[],[],REPEATABLE,MISSING,PARTIAL,COLD,HIGH,HIGH,A
297,Gatekeeper's Favor,NORMAL,15,,[],[],REPEATABLE,MISSING,PARTIAL,HYBRID,HIGH,HIGH,A
298,Lizardmen's Conspiracy,NORMAL,25,,[],[],REPEATABLE,MISSING,REQUIRES_EXTENSION,HYBRID,MEDIUM,HIGH,C
299,Gather Ingredients for Pie,NORMAL,34,,[],[],REPEATABLE,MISSING,REQUIRES_EXTENSION,HYBRID,MEDIUM,HIGH,C
300,Hunting Leto Lizardman,NORMAL,34,,[],[],REPEATABLE,MISSING,REQUIRES_EXTENSION,HYBRID,MEDIUM,HIGH,C
303,Collect Arrowheads,NORMAL,10,,[],[],REPEATABLE,MISSING,PARTIAL,HYBRID,HIGH,HIGH,A
306,Crystals of Fire and Ice,NORMAL,17,,[],[],REPEATABLE,MISSING,PARTIAL,HYBRID,HIGH,HIGH,A
313,Collect Spores,NORMAL,8,,[],[],REPEATABLE,MISSING,PARTIAL,HYBRID,HIGH,HIGH,A
316,Destroy Plague Carriers,NORMAL,18,,"[""Elf""]",[],REPEATABLE,MISSING,PARTIAL,COLD,HIGH,HIGH,A
317,Catch the Wind,NORMAL,18,,[],[],REPEATABLE,MISSING,PARTIAL,HYBRID,HIGH,HIGH,A
319,Scent of Death,NORMAL,11,,[],[],REPEATABLE,MISSING,PARTIAL,HYBRID,HIGH,HIGH,A
320,Bones Tell the Future,NORMAL,10,,"[""Dark Elf""]",[],REPEATABLE,MISSING,PARTIAL,HYBRID,HIGH,HIGH,A
324,Sweetest Venom,NORMAL,18,,[],[],REPEATABLE,MISSING,PARTIAL,HYBRID,HIGH,HIGH,A
325,Grim Collector,NORMAL,15,,[],[],REPEATABLE,MISSING,PARTIAL,HYBRID,HIGH,HIGH,A
326,Vanquish Remnants,NORMAL,21,,[],[],REPEATABLE,MISSING,PARTIAL,COLD,MEDIUM,HIGH,C
327,Recover the Farmland,NORMAL,25,,[],[],REPEATABLE,MISSING,PARTIAL,HYBRID,MEDIUM,HIGH,C
328,Sense for Business,NORMAL,21,,[],[],REPEATABLE,MISSING,PARTIAL,HYBRID,MEDIUM,HIGH,C
329,Curiosity of a Dwarf,NORMAL,33,,[],[],REPEATABLE,MISSING,PARTIAL,HYBRID,MEDIUM,HIGH,C
330,Adept of Taste,NORMAL,24,,[],[],REPEATABLE,MISSING,PARTIAL,HYBRID,MEDIUM,HIGH,C
331,Arrow of Vengeance,NORMAL,32,,[],[],REPEATABLE,MISSING,REQUIRES_EXTENSION,HYBRID,MEDIUM,HIGH,C
333,Hunt of the Black Lion,NORMAL,25,,[],[],REPEATABLE,MISSING,PARTIAL,COLD,MEDIUM,HIGH,C
334,The Wishing Potion,NORMAL,30,,[],[],REPEATABLE,MISSING,REQUIRES_EXTENSION,HYBRID,MEDIUM,HIGH,C
335,Song of the Hunter,NORMAL,35,,[],[],REPEATABLE,MISSING,REQUIRES_EXTENSION,UNKNOWN,MEDIUM,HIGH,C
336,Coin of Magic,NORMAL,40,,[],[],REPEATABLE,MISSING,PARTIAL,HYBRID,MEDIUM,HIGH,C
337,Audience with the Land Dragon,NORMAL,50,,[],[],REPEATABLE,MISSING,REQUIRES_EXTENSION,HYBRID,MEDIUM,HIGH,E
338,Alligator Hunter,NORMAL,40,,[],[],REPEATABLE,MISSING,PARTIAL,COLD,MEDIUM,HIGH,C
340,Subjugation of Lizardmen,NORMAL,17,,[],[],CONDITIONAL_OR_BRANCHING,MISSING,REQUIRES_EXTENSION,HYBRID,HIGH,HIGH,A
341,Hunting for Wild Beasts,NORMAL,20,,[],[],REPEATABLE,MISSING,PARTIAL,COLD,HIGH,HIGH,A
343,Under the Shadow of the Ivory Tower,NORMAL,40,40,[],[],REPEATABLE,MISSING,REQUIRES_EXTENSION,HYBRID,MEDIUM,HIGH,C
344,"1000 years, the End of Lamentation",NORMAL,48,,[],[],REPEATABLE,MISSING,REQUIRES_EXTENSION,HYBRID,MEDIUM,HIGH,E
345,Method to Raise the Dead,NORMAL,35,,[],[],REPEATABLE,MISSING,REQUIRES_EXTENSION,HYBRID,MEDIUM,HIGH,C
347,Go Get the Calculator.,NORMAL,12,,[],[],REPEATABLE,MISSING,PARTIAL,HYBRID,HIGH,HIGH,A
348,An Arrogant Search,NORMAL,60,,[],[],REPEATABLE,MISSING,REQUIRES_EXTENSION,HYBRID,MEDIUM,HIGH,E
350,Enhance Your Weapon,NORMAL,,,[],[],REPEATABLE,MISSING,REQUIRES_EXTENSION,HYBRID,MEDIUM,HIGH,E
351,Black Swan,NORMAL,32,,[],[],REPEATABLE,MISSING,PARTIAL,HYBRID,MEDIUM,HIGH,C
352,Help Rood Raise A New Pet!,PET,39,,[],[],REPEATABLE,MISSING,PARTIAL,HYBRID,MEDIUM,HIGH,C
353,Power of Darkness,NORMAL,55,,[],[],REPEATABLE,MISSING,PARTIAL,HYBRID,MEDIUM,HIGH,E
354,Conquest of Alligator Island,NORMAL,38,,[],[],REPEATABLE,MISSING,REQUIRES_EXTENSION,HYBRID,MEDIUM,HIGH,C
355,Family Honor,NORMAL,36,,[],[],REPEATABLE,MISSING,PARTIAL,COLD,MEDIUM,HIGH,C
356,Dig Up the Sea of Spores!,NORMAL,43,,[],[],REPEATABLE,MISSING,PARTIAL,HYBRID,MEDIUM,HIGH,E
357,Warehouse Keeper's Ambition,NORMAL,47,,[],[],REPEATABLE,MISSING,REQUIRES_EXTENSION,UNKNOWN,MEDIUM,HIGH,E
358,Illegitimate Child of A Goddess,NORMAL,63,,[],[],REPEATABLE,MISSING,REQUIRES_EXTENSION,HYBRID,MEDIUM,HIGH,F
359,For Sleepless Deadmen,NORMAL,60,,[],[],REPEATABLE,MISSING,PARTIAL,HYBRID,MEDIUM,HIGH,E
360,Plunder Their Supplies,NORMAL,52,,[],[],REPEATABLE,MISSING,PARTIAL,HYBRID,MEDIUM,HIGH,E
362,Bard's Mandolin,NORMAL,15,,[],[],REPEATABLE,MISSING,PARTIAL,HYBRID,HIGH,HIGH,A
363,Sorrowful Sound of Flute,NORMAL,15,,[],[],REPEATABLE,MISSING,PARTIAL,HYBRID,HIGH,HIGH,A
364,Jovial Accordion,NORMAL,15,,[],[],REPEATABLE,MISSING,PARTIAL,HYBRID,HIGH,HIGH,A
365,Devil's Legacy,NORMAL,39,,[],[],REPEATABLE,MISSING,REQUIRES_EXTENSION,UNKNOWN,MEDIUM,HIGH,C
366,Silver Haired Shaman,NORMAL,48,,[],[],REPEATABLE,MISSING,REQUIRES_EXTENSION,HYBRID,MEDIUM,HIGH,E
367,Electrifying Recharge!,NORMAL,37,,[],[],REPEATABLE,MISSING,PARTIAL,HYBRID,MEDIUM,HIGH,C
368,Trespassing into the Sacred Area,NORMAL,36,,[],[],REPEATABLE,MISSING,REQUIRES_EXTENSION,UNKNOWN,MEDIUM,HIGH,C
369,Collector of Jewels,NORMAL,25,,[],[],REPEATABLE,MISSING,REQUIRES_EXTENSION,HYBRID,MEDIUM,HIGH,C
370,A Wiseman Sows Seeds,NORMAL,28,,[],[],REPEATABLE,MISSING,REQUIRES_EXTENSION,UNKNOWN,MEDIUM,HIGH,C
371,Shriek of Ghosts,NORMAL,59,,[],[],REPEATABLE,MISSING,PARTIAL,COLD,MEDIUM,HIGH,E
372,Legacy of Insolence,NORMAL,59,,[],[],REPEATABLE,MISSING,REQUIRES_EXTENSION,HYBRID,MEDIUM,HIGH,E
373,Supplier of Reagents,NORMAL,57,,[],[],REPEATABLE,MISSING,REQUIRES_EXTENSION,HYBRID,MEDIUM,HIGH,E
374,"Whisper of Dreams, Part 1",NORMAL,56,,[],[],REPEATABLE,MISSING,REQUIRES_EXTENSION,HYBRID,MEDIUM,HIGH,E
375,"Whisper of Dreams, Part 2",NORMAL,60,,[],[],REPEATABLE,MISSING,REQUIRES_EXTENSION,HYBRID,MEDIUM,HIGH,E
376,"Exploration of Giants Cave, Part 1",NORMAL,57,,[],[],REPEATABLE,MISSING,REQUIRES_EXTENSION,HYBRID,MEDIUM,HIGH,E
377,"Exploration of Giants Cave, Part 2",NORMAL,57,,[],[],REPEATABLE,MISSING,REQUIRES_EXTENSION,HYBRID,MEDIUM,HIGH,E
378,Magnificent Feast,NORMAL,20,,[],[],REPEATABLE,MISSING,PARTIAL,HYBRID,HIGH,HIGH,A
379,Fantasy Wine,NORMAL,20,,[],[],REPEATABLE,MISSING,PARTIAL,HYBRID,HIGH,HIGH,A
380,Bring Out the Flavor of Ingredients!,NORMAL,24,,[],[],REPEATABLE,MISSING,PARTIAL,HYBRID,MEDIUM,HIGH,C
381,Let's Become a Royal Member!,NORMAL,55,,[],[],REPEATABLE,MISSING,PARTIAL,HYBRID,MEDIUM,HIGH,E
382,Kail's Magic Coin,NORMAL,55,,[],[],UNKNOWN,MISSING,PARTIAL,HYBRID,MEDIUM,HIGH,E
383,Searching for Treasure,NORMAL,42,,[],[],REPEATABLE,MISSING,PARTIAL,HYBRID,MEDIUM,HIGH,E
384,Warehouse Keeper's Pastime,NORMAL,40,,[],[],REPEATABLE,MISSING,REQUIRES_EXTENSION,HYBRID,MEDIUM,HIGH,C
385,Yoke of the Past,NORMAL,20,,[],[],REPEATABLE,MISSING,REQUIRES_EXTENSION,UNKNOWN,HIGH,HIGH,A
386,Stolen Dignity,NORMAL,58,,[],[],REPEATABLE,MISSING,REQUIRES_EXTENSION,HYBRID,MEDIUM,HIGH,E
401,Path to a Warrior,PROFESSION,19,,[],"[""Human Fighter""]",REPEATABLE,PARTIAL,REQUIRES_EXTENSION,HYBRID,HIGH,HIGH,B
402,Path to a Human Knight,PROFESSION,19,,[],"[""Human Fighter""]",REPEATABLE,PARTIAL,REQUIRES_EXTENSION,HYBRID,HIGH,HIGH,B
403,Path to a Rogue,PROFESSION,19,,[],"[""Human Fighter""]",REPEATABLE,PARTIAL,REQUIRES_EXTENSION,HYBRID,HIGH,HIGH,B
404,Path to a Human Wizard,PROFESSION,19,,[],"[""Human Mystic""]",REPEATABLE,PARTIAL,REQUIRES_EXTENSION,HYBRID,HIGH,HIGH,B
405,Path to a Cleric,PROFESSION,19,,[],"[""Human Mystic""]",REPEATABLE,PARTIAL,REQUIRES_EXTENSION,UNKNOWN,HIGH,HIGH,B
406,Path to an Elven Knight,PROFESSION,19,,[],"[""Elven Fighter""]",REPEATABLE,PARTIAL,REQUIRES_EXTENSION,HYBRID,HIGH,HIGH,B
407,Path to an Elven Scout,PROFESSION,19,,[],"[""Elven Fighter""]",REPEATABLE,PARTIAL,REQUIRES_EXTENSION,HYBRID,HIGH,HIGH,B
408,Path to an Elven Wizard,PROFESSION,19,,[],"[""Elven Mystic""]",REPEATABLE,PARTIAL,REQUIRES_EXTENSION,UNKNOWN,HIGH,HIGH,B
409,Path to an Elven Oracle,PROFESSION,19,,[],"[""Elven Mystic""]",REPEATABLE,PARTIAL,REQUIRES_EXTENSION,HYBRID,HIGH,HIGH,B
410,Path to a Palus Knight,PROFESSION,19,,[],"[""Dark Fighter""]",REPEATABLE,PARTIAL,REQUIRES_EXTENSION,HYBRID,HIGH,HIGH,B
411,Path to an Assassin,PROFESSION,19,,[],"[""Dark Fighter""]",REPEATABLE,PARTIAL,REQUIRES_EXTENSION,UNKNOWN,HIGH,HIGH,B
412,Path to a Dark Wizard,PROFESSION,19,,[],"[""Dark Mystic""]",REPEATABLE,PARTIAL,REQUIRES_EXTENSION,HYBRID,HIGH,HIGH,B
413,Path to a Shillien Oracle,PROFESSION,19,,[],"[""Dark Mystic""]",REPEATABLE,PARTIAL,REQUIRES_EXTENSION,HYBRID,HIGH,HIGH,B
414,Path to an Orc Raider,PROFESSION,19,,[],"[""Orc Fighter""]",REPEATABLE,PARTIAL,REQUIRES_EXTENSION,HYBRID,HIGH,HIGH,B
415,Path to a Monk,PROFESSION,19,,[],"[""Orc Fighter""]",REPEATABLE,PARTIAL,REQUIRES_EXTENSION,HYBRID,HIGH,HIGH,B
416,Path to an Orc Shaman,PROFESSION,19,,[],"[""Orc Mage""]",REPEATABLE,PARTIAL,REQUIRES_EXTENSION,HYBRID,HIGH,HIGH,B
417,Path to become a Scavenger,PROFESSION,19,,[],"[""Dwarven Fighter""]",REPEATABLE,PARTIAL,REQUIRES_EXTENSION,HYBRID,HIGH,HIGH,B
418,Path to an Artisan,PROFESSION,19,,[],"[""Dwarven Fighter""]",REPEATABLE,PARTIAL,REQUIRES_EXTENSION,HYBRID,HIGH,HIGH,B
419,Get a Pet,PET,15,,[],[],REPEATABLE,VERIFIED,PARTIAL,HYBRID,LOW,HIGH,A
420,Little Wing,PET,35,,[],[],REPEATABLE,VERIFIED,REQUIRES_EXTENSION,HYBRID,LOW,HIGH,C
421,Little Wing's Big Adventure,PET,45,,[],[],REPEATABLE,VERIFIED,REQUIRES_EXTENSION,UNKNOWN,LOW,HIGH,E
422,Repent Your Sins,NORMAL,1,,[],[],REPEATABLE,MISSING,PARTIAL,HYBRID,HIGH,HIGH,A
426,Quest for Fishing Shot,FISHING,,,[],[],REPEATABLE,MISSING,REQUIRES_EXTENSION,HYBRID,MEDIUM,HIGH,C
431,Wedding March,NORMAL,38,,[],[],REPEATABLE,MISSING,REQUIRES_EXTENSION,UNKNOWN,MEDIUM,HIGH,C
432,Birthday Party Song,NORMAL,31,,[],[],REPEATABLE,MISSING,REQUIRES_EXTENSION,UNKNOWN,MEDIUM,HIGH,C
501,Proof of Clan Alliance,SYSTEM,,,[],[],REPEATABLE,VERIFIED,COMPATIBLE,HYBRID,LOW,HIGH,H
503,Pursuit of Clan Ambition!,SYSTEM,,,[],[],CONDITIONAL_OR_BRANCHING,MISSING,REQUIRES_EXTENSION,HYBRID,HIGH,HIGH,H
504,Competition for the Bandit Stronghold,PET,,,[],[],REPEATABLE,MISSING,REQUIRES_EXTENSION,HYBRID,HIGH,HIGH,A
505,Blood Offering,SYSTEM,,,[],[],REPEATABLE,MISSING,PARTIAL,HYBRID,HIGH,HIGH,H
601,Watching Eyes,ENDGAME,71,,[],[],REPEATABLE,MISSING,REQUIRES_EXTENSION,HYBRID,MEDIUM,HIGH,G
602,Shadow of Light,NORMAL,68,,[],[],REPEATABLE,MISSING,REQUIRES_EXTENSION,HYBRID,MEDIUM,HIGH,F
603,Daimon the White-Eyed - Part 1,ENDGAME,73,,[],[],REPEATABLE,MISSING,REQUIRES_EXTENSION,UNKNOWN,MEDIUM,HIGH,G
604,Daimon the White-Eyed - Part 2,ENDGAME,73,,[],[],REPEATABLE,MISSING,REQUIRES_EXTENSION,UNKNOWN,MEDIUM,HIGH,G
605,Alliance with Ketra Orcs,SYSTEM,,,[],[],REPEATABLE,MISSING,REQUIRES_EXTENSION,HYBRID,HIGH,HIGH,H
606,War with Varka Silenos,NORMAL,,,[],[],REPEATABLE,MISSING,REQUIRES_EXTENSION,HYBRID,MEDIUM,HIGH,E
607,Prove your courage!,NORMAL,,,[],[],REPEATABLE,MISSING,PARTIAL,HYBRID,MEDIUM,HIGH,E
608,Slay the enemy commander!,NORMAL,,,[],[],REPEATABLE,MISSING,PARTIAL,HYBRID,MEDIUM,HIGH,E
609,Magical Power of Water - Part 1,NORMAL,,,[],[],REPEATABLE,MISSING,REQUIRES_EXTENSION,UNKNOWN,MEDIUM,HIGH,E
610,Magical Power of Water - Part 2,NORMAL,,,[],[],REPEATABLE,MISSING,REQUIRES_EXTENSION,UNKNOWN,MEDIUM,HIGH,E
611,Alliance with Varka Silenos,SYSTEM,,,[],[],REPEATABLE,MISSING,REQUIRES_EXTENSION,HYBRID,HIGH,HIGH,H
612,War with Ketra Orcs,NORMAL,,,[],[],REPEATABLE,MISSING,REQUIRES_EXTENSION,HYBRID,MEDIUM,HIGH,E
613,Prove your courage!,NORMAL,,,[],[],REPEATABLE,MISSING,PARTIAL,HYBRID,MEDIUM,HIGH,E
614,Slay the enemy commander!,NORMAL,,,[],[],REPEATABLE,MISSING,PARTIAL,HYBRID,MEDIUM,HIGH,E
615,Magical Power of Fire - Part 1,NORMAL,,,[],[],REPEATABLE,MISSING,REQUIRES_EXTENSION,UNKNOWN,MEDIUM,HIGH,E
616,Magical Power of Fire - Part 2,NORMAL,,,[],[],REPEATABLE,MISSING,REQUIRES_EXTENSION,UNKNOWN,MEDIUM,HIGH,E
617,Gather the Flames,ENDGAME,74,,[],[],REPEATABLE,MISSING,REQUIRES_EXTENSION,UNKNOWN,MEDIUM,HIGH,G
618,Into the Flame,NORMAL,60,,[],[],REPEATABLE,MISSING,REQUIRES_EXTENSION,HYBRID,MEDIUM,HIGH,E
619,Relics of the Old Empire,ENDGAME,74,,[],[],REPEATABLE,MISSING,REQUIRES_EXTENSION,UNKNOWN,MEDIUM,HIGH,G
620,Four Goblets,ENDGAME,74,,[],[],REPEATABLE,MISSING,REQUIRES_EXTENSION,HYBRID,MEDIUM,HIGH,G
621,Egg Delivery,NORMAL,68,,[],[],REPEATABLE,MISSING,PARTIAL,HYBRID,MEDIUM,HIGH,F
622,Delivery of Special Liquor,NORMAL,68,,[],[],REPEATABLE,MISSING,PARTIAL,HYBRID,MEDIUM,HIGH,F
623,The Finest Food,ENDGAME,71,,[],[],REPEATABLE,MISSING,REQUIRES_EXTENSION,HYBRID,MEDIUM,HIGH,G
624,The Finest Ingredients - Part 1,ENDGAME,73,,[],[],REPEATABLE,MISSING,REQUIRES_EXTENSION,UNKNOWN,MEDIUM,HIGH,G
625,The Finest Ingredients - Part 2,ENDGAME,73,,[],[],REPEATABLE,MISSING,REQUIRES_EXTENSION,HYBRID,MEDIUM,HIGH,G
626,A Dark Twilight,NORMAL,60,,[],[],ONE_TIME,MISSING,PARTIAL,HYBRID,MEDIUM,HIGH,E
627,Heart in Search of Power,NORMAL,60,,[],[],REPEATABLE,MISSING,PARTIAL,HYBRID,MEDIUM,HIGH,E
628,Hunt of the Golden Ram Mercenary Force,NORMAL,66,,[],[],REPEATABLE,MISSING,REQUIRES_EXTENSION,HYBRID,MEDIUM,HIGH,F
629,Clean up the Swamp of Screams,NORMAL,66,,[],[],REPEATABLE,MISSING,REQUIRES_EXTENSION,UNKNOWN,MEDIUM,HIGH,F
631,Delicious Top Choice Meat,NORMAL,65,,[],[],REPEATABLE,MISSING,REQUIRES_EXTENSION,HYBRID,MEDIUM,HIGH,F
632,Necromancer's Request,NORMAL,63,,[],[],REPEATABLE,MISSING,REQUIRES_EXTENSION,HYBRID,MEDIUM,HIGH,F
633,In the Forgotten Village,NORMAL,65,,[],[],REPEATABLE,MISSING,REQUIRES_EXTENSION,HYBRID,MEDIUM,HIGH,F
634,In Search of Fragments of the Dimension,NORMAL,20,,[],[],REPEATABLE,MISSING,REQUIRES_EXTENSION,HYBRID,HIGH,HIGH,A
635,In the Dimension Rift,NORMAL,20,,[],[],REPEATABLE,MISSING,REQUIRES_EXTENSION,UNKNOWN,HIGH,HIGH,A
999,Tutorial (technical-only Q999),TUTORIAL,10,,[],[],UNKNOWN,MISSING,REQUIRES_EXTENSION,UNKNOWN,HIGH,LOW,A
